{
  "timestamp": 1749387520.5750751,
  "rows_trained": 1220,
  "avg_accuracy": 0.5280788177339901
}