{
  "timestamp": 1749388253.619111,
  "rows_trained": 1220,
  "avg_accuracy": 0.5280788177339901
}