{
  "storage_full": false,
  "storage_used_bytes": 113137,
  "storage_limit_bytes": 10737418240,
  "storage_used_gb": 0.00010536704212427139,
  "last_checked": "2025-06-25T16:45:00.174198"
}