{
  "storage_full": false,
  "storage_used_bytes": 123215,
  "storage_limit_bytes": 10737418240,
  "storage_used_gb": 0.00011475291103124619,
  "last_checked": "2025-06-27T10:23:43.917480"
}