{
  "storage_full": false,
  "storage_used_bytes": 128802,
  "storage_limit_bytes": 10737418240,
  "storage_used_gb": 0.00011995621025562286,
  "last_checked": "2025-06-27T11:16:26.554858"
}