{
  "storage_full": false,
  "storage_used_bytes": 230461,
  "storage_limit_bytes": 10737418240,
  "storage_used_gb": 0.0002146335318684578,
  "last_checked": "2025-06-27T16:17:34.232823"
}