{
  "storage_full": false,
  "storage_used_bytes": 135308,
  "storage_limit_bytes": 10737418240,
  "storage_used_gb": 0.00012601539492607117,
  "last_checked": "2025-06-27T10:52:46.478689"
}