{
  "storage_full": false,
  "storage_used_bytes": 109779,
  "storage_limit_bytes": 10737418240,
  "storage_used_gb": 0.00010223966091871262,
  "last_checked": "2025-06-25T15:35:00.287182"
}